Tag Name,Time,Value
Caudal,17/01/2023 16:28,74
Caudal,17/01/2023 16:35,82
Caudal,17/01/2023 16:59,86
Caudal,17/01/2023 17:57,79
Caudal,17/01/2023 19:19,79
Caudal,17/01/2023 20:41,84
Caudal,17/01/2023 22:03,80
Caudal,17/01/2023 22:21,74
Caudal,17/01/2023 22:21,86
Caudal,17/01/2023 23:25,82
Caudal,18/01/2023 0:47,81
Caudal,18/01/2023 2:09,79
Caudal,18/01/2023 3:31,79
Caudal,18/01/2023 4:53,78
Caudal,18/01/2023 6:15,79
Caudal,18/01/2023 7:37,80
Caudal,18/01/2023 9:00,77
Caudal,18/01/2023 9:17,74
Caudal,18/01/2023 10:21,64
Caudal,18/01/2023 10:31,63
Caudal,18/01/2023 11:09,74
Caudal,18/01/2023 11:43,81
Caudal,18/01/2023 12:31,86
Caudal,18/01/2023 13:05,81
Caudal,18/01/2023 14:27,78
Caudal,18/01/2023 14:44,73
Caudal,18/01/2023 14:44,73
Caudal,18/01/2023 14:49,85
Caudal,18/01/2023 15:49,81
Caudal,18/01/2023 17:11,79
Caudal,18/01/2023 18:33,83
Caudal,18/01/2023 19:55,77
Caudal,18/01/2023 21:17,79
Caudal,18/01/2023 22:39,80
Caudal,19/01/2023 0:02,78
Caudal,19/01/2023 1:24,78
Caudal,19/01/2023 2:45,80
Caudal,19/01/2023 4:07,78
Caudal,19/01/2023 5:30,82
Caudal,19/01/2023 6:51,80
Caudal,19/01/2023 7:33,73
Caudal,19/01/2023 7:36,86
Caudal,19/01/2023 8:14,78
Caudal,19/01/2023 8:30,74
Caudal,19/01/2023 8:30,88
Caudal,19/01/2023 8:35,76
Caudal,19/01/2023 8:39,88
Caudal,19/01/2023 8:39,88
Caudal,19/01/2023 9:20,76
Caudal,19/01/2023 9:36,77
Caudal,19/01/2023 9:53,65
Caudal,19/01/2023 10:15,77
Caudal,19/01/2023 10:17,90
Caudal,19/01/2023 10:19,78
Caudal,19/01/2023 10:57,78
Caudal,19/01/2023 12:19,82
Caudal,19/01/2023 13:41,79
Caudal,19/01/2023 15:03,76
Caudal,19/01/2023 16:25,79
Caudal,19/01/2023 16:55,90
Caudal,19/01/2023 17:16,78
Caudal,19/01/2023 17:47,80
Caudal,19/01/2023 19:09,78
Caudal,19/01/2023 20:32,82
Caudal,19/01/2023 21:53,77
Caudal,19/01/2023 23:16,82
Caudal,20/01/2023 0:37,79
Caudal,20/01/2023 1:59,79
Caudal,20/01/2023 3:21,79
Caudal,20/01/2023 4:43,82
Caudal,20/01/2023 6:06,78
Caudal,20/01/2023 7:28,77
Caudal,20/01/2023 8:49,78
Caudal,20/01/2023 10:11,78
Caudal,20/01/2023 11:33,79
Caudal,20/01/2023 12:55,81
Caudal,20/01/2023 14:17,80
Caudal,20/01/2023 15:40,81
Caudal,20/01/2023 17:01,80
Caudal,20/01/2023 18:23,79
Caudal,20/01/2023 19:45,79
Caudal,20/01/2023 21:07,81
Caudal,20/01/2023 22:29,79
Caudal,20/01/2023 23:51,80
Caudal,21/01/2023 1:13,79
Caudal,21/01/2023 2:35,79
Caudal,21/01/2023 3:57,81
Caudal,21/01/2023 5:19,81
Caudal,21/01/2023 6:41,82
Caudal,21/01/2023 8:03,79
Caudal,21/01/2023 9:26,80
Caudal,21/01/2023 10:47,80
Caudal,21/01/2023 12:09,81
Caudal,21/01/2023 13:18,66
Caudal,21/01/2023 13:18,46
Caudal,21/01/2023 13:18,33
Caudal,21/01/2023 13:18,21
Caudal,21/01/2023 13:19,8
Caudal,21/01/2023 13:19,8
Caudal,21/01/2023 13:31,0
Caudal,21/01/2023 14:53,0
Caudal,21/01/2023 16:15,0
Caudal,21/01/2023 17:37,0
Caudal,21/01/2023 18:59,0
Caudal,21/01/2023 20:21,0
Caudal,21/01/2023 21:43,0
Caudal,21/01/2023 23:05,0
Caudal,22/01/2023 0:27,0
Caudal,22/01/2023 1:49,0
Caudal,22/01/2023 3:11,0
Caudal,22/01/2023 4:34,0
Caudal,22/01/2023 5:55,0
Caudal,22/01/2023 7:17,0
Caudal,22/01/2023 8:39,0
Caudal,22/01/2023 10:01,0
Caudal,22/01/2023 11:23,0
Caudal,22/01/2023 12:45,0
Caudal,22/01/2023 14:07,0
Caudal,22/01/2023 15:29,0
Caudal,22/01/2023 16:51,0
Caudal,22/01/2023 18:13,0
Caudal,22/01/2023 19:35,0
Caudal,22/01/2023 20:57,0
Caudal,22/01/2023 22:19,0
Caudal,22/01/2023 23:41,0
Caudal,23/01/2023 1:03,0
Caudal,23/01/2023 2:25,0
Caudal,23/01/2023 3:47,0
Caudal,23/01/2023 5:09,0
Caudal,23/01/2023 6:31,0
Caudal,23/01/2023 7:08,21
Caudal,23/01/2023 7:08,34
Caudal,23/01/2023 7:08,59
Caudal,23/01/2023 7:08,70
Caudal,23/01/2023 7:09,82
Caudal,23/01/2023 7:09,70
Caudal,23/01/2023 7:10,82
Caudal,23/01/2023 7:10,70
Caudal,23/01/2023 7:10,70
Caudal,23/01/2023 7:11,57
Caudal,23/01/2023 7:12,70
Caudal,23/01/2023 7:13,83
Caudal,23/01/2023 7:53,78
Caudal,23/01/2023 9:15,80
Caudal,23/01/2023 10:38,78
Caudal,23/01/2023 11:59,81
Caudal,23/01/2023 13:21,79
Caudal,23/01/2023 14:44,81
Caudal,23/01/2023 16:05,80
Caudal,23/01/2023 17:27,81
Caudal,23/01/2023 18:49,81
Caudal,23/01/2023 20:11,82
Caudal,23/01/2023 21:33,80
Caudal,23/01/2023 22:56,81
Caudal,24/01/2023 0:17,78
Caudal,24/01/2023 1:40,82
Caudal,24/01/2023 3:01,80
Caudal,24/01/2023 4:23,78
Caudal,24/01/2023 5:46,78
Caudal,24/01/2023 7:07,79
Caudal,24/01/2023 8:29,81
Caudal,24/01/2023 9:51,79
Caudal,24/01/2023 11:13,79
Caudal,24/01/2023 12:35,81
Caudal,24/01/2023 13:57,81
Caudal,24/01/2023 15:20,78
Caudal,24/01/2023 16:41,83
Caudal,24/01/2023 18:03,82
Caudal,24/01/2023 19:25,80
Caudal,24/01/2023 20:47,79
Caudal,24/01/2023 22:09,80
Caudal,24/01/2023 23:31,78
Caudal,25/01/2023 0:53,80
Caudal,25/01/2023 2:15,80
Caudal,25/01/2023 3:37,78
Caudal,25/01/2023 4:59,79
Caudal,25/01/2023 6:21,79
Caudal,25/01/2023 7:43,80
Caudal,25/01/2023 9:05,81
Caudal,25/01/2023 10:28,79
Caudal,25/01/2023 11:50,78
Caudal,25/01/2023 13:11,81
Caudal,25/01/2023 14:33,81
Caudal,25/01/2023 15:55,79
Caudal,25/01/2023 17:09,59
Caudal,25/01/2023 17:09,59
Caudal,25/01/2023 17:09,42
Caudal,25/01/2023 18:40,38
Caudal,25/01/2023 20:01,40
Caudal,25/01/2023 21:24,39
Caudal,25/01/2023 22:45,39
Caudal,26/01/2023 0:07,39
Caudal,26/01/2023 1:29,37
Caudal,26/01/2023 2:51,39
Caudal,26/01/2023 4:14,40
Caudal,26/01/2023 5:35,38
Caudal,26/01/2023 6:57,39
Caudal,26/01/2023 8:19,41
Caudal,26/01/2023 9:41,39
Caudal,26/01/2023 11:03,41
Caudal,26/01/2023 12:25,40
Caudal,26/01/2023 13:48,41
Caudal,26/01/2023 15:09,39
Caudal,26/01/2023 16:31,41
Caudal,26/01/2023 17:53,40
Caudal,26/01/2023 19:15,39
Caudal,26/01/2023 20:38,40
Caudal,26/01/2023 22:00,42
Caudal,26/01/2023 23:15,30
Caudal,26/01/2023 23:16,44
Caudal,26/01/2023 23:21,34
Caudal,27/01/2023 0:43,39
Caudal,27/01/2023 2:06,38
Caudal,27/01/2023 2:58,56
Caudal,27/01/2023 2:58,44
Caudal,27/01/2023 3:28,41
Caudal,27/01/2023 4:49,38
Caudal,27/01/2023 6:11,39
Caudal,27/01/2023 7:33,41
Caudal,27/01/2023 8:56,40
Caudal,27/01/2023 10:17,38
Caudal,27/01/2023 10:55,56
Caudal,27/01/2023 10:56,69
Caudal,27/01/2023 10:57,56
Caudal,27/01/2023 10:57,45
Caudal,27/01/2023 10:58,57
Caudal,27/01/2023 11:00,44
Caudal,27/01/2023 11:39,41
Caudal,27/01/2023 13:01,40
Caudal,27/01/2023 14:23,39
Caudal,27/01/2023 15:46,40
Caudal,27/01/2023 17:07,38
Caudal,27/01/2023 18:29,41
Caudal,27/01/2023 19:51,41
Caudal,27/01/2023 20:14,57
Caudal,27/01/2023 20:16,45
Caudal,27/01/2023 21:13,39
Caudal,27/01/2023 22:35,38
Caudal,27/01/2023 23:05,56
Caudal,27/01/2023 23:57,53
Caudal,28/01/2023 1:19,60
Caudal,28/01/2023 2:41,57
Caudal,28/01/2023 4:03,59
Caudal,28/01/2023 5:25,60
Caudal,28/01/2023 6:47,46
Caudal,28/01/2023 8:10,47
Caudal,28/01/2023 9:31,50
Caudal,28/01/2023 10:53,47
Caudal,28/01/2023 12:15,48
Caudal,28/01/2023 13:14,44
Caudal,28/01/2023 13:14,32
Caudal,28/01/2023 13:14,19
Caudal,28/01/2023 13:15,7
Caudal,28/01/2023 13:37,0
Caudal,28/01/2023 14:59,0
Caudal,28/01/2023 16:22,0
Caudal,28/01/2023 17:43,0
Caudal,28/01/2023 19:05,0
Caudal,28/01/2023 20:27,0
Caudal,28/01/2023 21:49,0
Caudal,28/01/2023 23:11,0
Caudal,29/01/2023 0:33,0
Caudal,29/01/2023 1:55,0
Caudal,29/01/2023 3:17,0
Caudal,29/01/2023 4:39,0
Caudal,29/01/2023 6:01,0
Caudal,29/01/2023 7:23,0
Caudal,29/01/2023 8:45,0
Caudal,29/01/2023 10:07,0
Caudal,29/01/2023 11:29,0
Caudal,29/01/2023 12:52,0
Caudal,29/01/2023 14:13,0
Caudal,29/01/2023 15:35,0
Caudal,29/01/2023 16:57,0
Caudal,29/01/2023 18:19,0
Caudal,29/01/2023 19:41,0
Caudal,29/01/2023 21:03,0
Caudal,29/01/2023 22:25,0
Caudal,29/01/2023 23:47,0
Caudal,30/01/2023 1:09,0
Caudal,30/01/2023 2:31,0
Caudal,30/01/2023 3:53,0
Caudal,30/01/2023 5:15,0
Caudal,30/01/2023 6:37,0
Caudal,30/01/2023 7:32,19
Caudal,30/01/2023 7:32,31
Caudal,30/01/2023 7:32,43
Caudal,30/01/2023 7:32,56
Caudal,30/01/2023 7:32,69
Caudal,30/01/2023 7:32,81
Caudal,30/01/2023 7:34,70
Caudal,30/01/2023 7:34,70
Caudal,30/01/2023 7:36,82
Caudal,30/01/2023 8:00,79
Caudal,30/01/2023 9:22,81
Caudal,30/01/2023 10:44,77
Caudal,30/01/2023 11:18,95
Caudal,30/01/2023 11:19,82
Caudal,30/01/2023 12:05,80
Caudal,30/01/2023 13:27,79
Caudal,30/01/2023 14:49,80
Caudal,30/01/2023 14:57,70
Caudal,30/01/2023 15:12,58
Caudal,30/01/2023 16:11,58
Caudal,30/01/2023 17:33,58
Caudal,30/01/2023 18:55,58
Caudal,30/01/2023 19:30,71
Caudal,30/01/2023 19:49,59
Caudal,30/01/2023 20:17,58
Caudal,30/01/2023 20:57,71
Caudal,30/01/2023 20:58,59
Caudal,30/01/2023 21:00,71
Caudal,30/01/2023 21:01,59
Caudal,30/01/2023 21:39,68
Caudal,30/01/2023 22:40,71
Caudal,30/01/2023 22:40,83
Caudal,30/01/2023 23:01,78
Caudal,31/01/2023 0:24,80
Caudal,31/01/2023 1:46,79
Caudal,31/01/2023 3:07,81
Caudal,31/01/2023 4:29,79
Caudal,31/01/2023 5:51,82
Caudal,31/01/2023 7:13,80
Caudal,31/01/2023 7:42,71
Caudal,31/01/2023 7:42,58
Caudal,31/01/2023 8:36,51
Caudal,31/01/2023 9:57,54
Caudal,31/01/2023 11:19,52
Caudal,31/01/2023 12:41,53
Caudal,31/01/2023 13:06,41
Caudal,31/01/2023 13:07,28
Caudal,31/01/2023 14:03,32
Caudal,31/01/2023 15:25,32
Caudal,31/01/2023 16:47,32
Caudal,31/01/2023 18:09,32
Caudal,31/01/2023 19:31,32
Caudal,31/01/2023 20:22,45
Caudal,31/01/2023 20:22,71
Caudal,31/01/2023 20:22,88
Caudal,31/01/2023 20:23,105
Caudal,31/01/2023 20:23,121
Caudal,31/01/2023 20:23,138
Caudal,31/01/2023 20:23,152
Caudal,31/01/2023 20:24,164
Caudal,31/01/2023 20:24,184
Caudal,31/01/2023 20:25,203
Caudal,31/01/2023 20:25,190
Caudal,31/01/2023 20:25,178
Caudal,31/01/2023 20:25,165
Caudal,31/01/2023 20:25,152
Caudal,31/01/2023 20:26,139
Caudal,31/01/2023 20:26,125
Caudal,31/01/2023 20:26,112
Caudal,31/01/2023 20:26,99
Caudal,31/01/2023 20:26,85
Caudal,31/01/2023 20:28,99
Caudal,31/01/2023 20:28,86
Caudal,31/01/2023 20:28,65
Caudal,31/01/2023 20:30,78
Caudal,31/01/2023 20:31,66
Caudal,31/01/2023 20:34,52
Caudal,31/01/2023 20:53,52
Caudal,31/01/2023 22:15,52
Caudal,31/01/2023 23:14,65
Caudal,31/01/2023 23:14,79
Caudal,31/01/2023 23:37,80
Caudal,01/02/2023 1:00,81
Caudal,01/02/2023 2:22,80
Caudal,01/02/2023 3:43,78
Caudal,01/02/2023 4:19,67
Caudal,01/02/2023 5:05,59
Caudal,01/02/2023 5:11,54
Caudal,01/02/2023 6:22,42
Caudal,01/02/2023 6:27,44
Caudal,01/02/2023 7:37,35
Caudal,01/02/2023 9:11,33
Caudal,01/02/2023 10:33,37
Caudal,01/02/2023 10:55,56
Caudal,01/02/2023 10:56,44
Caudal,01/02/2023 10:57,56
Caudal,01/02/2023 10:58,68
Caudal,01/02/2023 10:59,56
Caudal,01/02/2023 10:59,44
Caudal,01/02/2023 11:01,56
Caudal,01/02/2023 11:02,44
Caudal,01/02/2023 11:07,30
Caudal,01/02/2023 11:55,26
Caudal,01/02/2023 13:17,26
Caudal,01/02/2023 14:39,25
Caudal,01/02/2023 16:01,22
Caudal,01/02/2023 16:28,19
Caudal,01/02/2023 17:23,17
Caudal,01/02/2023 18:45,17
Caudal,01/02/2023 20:03,31
Caudal,01/02/2023 20:05,19
Caudal,01/02/2023 21:29,18
Caudal,01/02/2023 22:51,19
Caudal,01/02/2023 23:24,31
Caudal,01/02/2023 23:24,44
Caudal,01/02/2023 23:24,56
Caudal,01/02/2023 23:25,70
Caudal,01/02/2023 23:27,58
Caudal,01/02/2023 23:27,70
Caudal,01/02/2023 23:27,82
Caudal,02/02/2023 0:13,83
Caudal,02/02/2023 1:35,80
Caudal,02/02/2023 2:57,81
Caudal,02/02/2023 4:08,69
Caudal,02/02/2023 4:20,59
Caudal,02/02/2023 4:57,56
Caudal,02/02/2023 5:17,44
Caudal,02/02/2023 5:41,43
Caudal,02/02/2023 6:55,32
Caudal,02/02/2023 8:26,32
Caudal,02/02/2023 9:48,24
Caudal,02/02/2023 10:02,19
Caudal,02/02/2023 11:10,17
Caudal,02/02/2023 12:31,11
Caudal,02/02/2023 13:53,10
Caudal,02/02/2023 14:09,7
Caudal,02/02/2023 15:15,10
Caudal,02/02/2023 16:37,10
Caudal,02/02/2023 17:59,13
Caudal,02/02/2023 19:21,13
Caudal,02/02/2023 19:34,21
Caudal,02/02/2023 19:35,34
Caudal,02/02/2023 19:36,47
Caudal,02/02/2023 19:37,59
Caudal,02/02/2023 19:38,48
Caudal,02/02/2023 19:38,35
Caudal,02/02/2023 19:38,23
Caudal,02/02/2023 19:40,35
Caudal,02/02/2023 19:41,23
Caudal,02/02/2023 19:43,35
Caudal,02/02/2023 19:44,23
Caudal,02/02/2023 19:49,11
Caudal,02/02/2023 20:43,10
Caudal,02/02/2023 22:05,11
Caudal,02/02/2023 23:17,23
Caudal,02/02/2023 23:17,35
Caudal,02/02/2023 23:17,47
Caudal,02/02/2023 23:18,59
Caudal,03/02/2023 0:49,61
Caudal,03/02/2023 2:12,58
Caudal,03/02/2023 2:34,41
Caudal,03/02/2023 2:35,29
Caudal,03/02/2023 3:33,28
Caudal,03/02/2023 4:55,29
Caudal,03/02/2023 6:17,27
Caudal,03/02/2023 7:39,31
Caudal,03/02/2023 9:01,32
Caudal,03/02/2023 9:43,41
Caudal,03/02/2023 10:23,34
Caudal,03/02/2023 11:27,29
Caudal,03/02/2023 11:45,24
Caudal,03/02/2023 13:08,24
Caudal,03/02/2023 14:29,20
Caudal,03/02/2023 15:51,19
Caudal,03/02/2023 17:13,17
Caudal,03/02/2023 18:36,18
Caudal,03/02/2023 19:57,17
Caudal,03/02/2023 21:18,29
Caudal,03/02/2023 21:18,54
Caudal,03/02/2023 21:19,53
Caudal,03/02/2023 22:41,60
Caudal,04/02/2023 0:03,59
Caudal,04/02/2023 0:51,67
Caudal,04/02/2023 1:25,59
Caudal,04/02/2023 2:11,54
Caudal,04/02/2023 2:47,48
Caudal,04/02/2023 4:02,42
Caudal,04/02/2023 4:09,42
Caudal,04/02/2023 5:32,35
Caudal,04/02/2023 6:05,30
Caudal,04/02/2023 6:53,29
Caudal,04/02/2023 8:15,23
Caudal,04/02/2023 9:37,22
Caudal,04/02/2023 10:59,27
Caudal,04/02/2023 12:21,23
Caudal,04/02/2023 13:02,18
Caudal,04/02/2023 13:02,6
Caudal,04/02/2023 13:43,0
Caudal,04/02/2023 15:06,0
Caudal,04/02/2023 16:27,0
Caudal,04/02/2023 17:49,0
Caudal,04/02/2023 19:11,0
Caudal,04/02/2023 20:33,0
Caudal,04/02/2023 21:55,0
Caudal,04/02/2023 23:17,0
Caudal,05/02/2023 0:39,0
Caudal,05/02/2023 2:01,0
Caudal,05/02/2023 3:23,0
Caudal,05/02/2023 4:45,0
Caudal,05/02/2023 6:07,0
Caudal,05/02/2023 7:29,0
Caudal,05/02/2023 8:51,0
Caudal,05/02/2023 10:13,0
Caudal,05/02/2023 11:35,0
Caudal,05/02/2023 12:57,0
Caudal,05/02/2023 14:19,0
Caudal,05/02/2023 15:41,0
Caudal,05/02/2023 17:03,0
Caudal,05/02/2023 18:25,0
Caudal,05/02/2023 19:47,0
Caudal,05/02/2023 21:09,0
Caudal,05/02/2023 22:31,0
Caudal,05/02/2023 23:53,0
Caudal,06/02/2023 1:15,0
Caudal,06/02/2023 2:37,0
Caudal,06/02/2023 3:59,0
Caudal,06/02/2023 5:21,0
Caudal,06/02/2023 6:43,0
Caudal,06/02/2023 7:11,18
Caudal,06/02/2023 7:13,31
Caudal,06/02/2023 7:14,14
Caudal,06/02/2023 7:14,1
Caudal,06/02/2023 7:28,12
Caudal,06/02/2023 7:28,25
Caudal,06/02/2023 7:28,37
Caudal,06/02/2023 7:31,50
Caudal,06/02/2023 7:31,38
Caudal,06/02/2023 7:37,26
Caudal,06/02/2023 8:05,30
Caudal,06/02/2023 9:27,25
Caudal,06/02/2023 9:47,38
Caudal,06/02/2023 10:50,43
Caudal,06/02/2023 12:11,39
Caudal,06/02/2023 13:33,38
Caudal,06/02/2023 14:55,38
Caudal,06/02/2023 16:17,39
Caudal,06/02/2023 17:39,38
Caudal,06/02/2023 19:01,40
Caudal,06/02/2023 20:23,42
Caudal,06/02/2023 21:45,40
Caudal,06/02/2023 23:07,37
Caudal,06/02/2023 23:54,56
Caudal,07/02/2023 0:29,59
Caudal,07/02/2023 1:51,46
Caudal,07/02/2023 3:13,48
Caudal,07/02/2023 4:19,43
Caudal,07/02/2023 4:35,41
Caudal,07/02/2023 5:57,35
Caudal,07/02/2023 6:10,30
Caudal,07/02/2023 7:19,28
Caudal,07/02/2023 8:41,24
Caudal,07/02/2023 10:03,24
Caudal,07/02/2023 11:26,22
Caudal,07/02/2023 12:47,24
Caudal,07/02/2023 14:09,22
Caudal,07/02/2023 15:31,29
Caudal,07/02/2023 16:53,31
Caudal,07/02/2023 18:15,30
Caudal,07/02/2023 19:37,30
Caudal,07/02/2023 20:59,31
Caudal,07/02/2023 22:21,30
Caudal,07/02/2023 23:34,42
Caudal,07/02/2023 23:34,56
Caudal,07/02/2023 23:34,68
Caudal,07/02/2023 23:34,80
Caudal,08/02/2023 1:06,80
Caudal,08/02/2023 2:23,68
Caudal,08/02/2023 2:23,56
Caudal,08/02/2023 2:28,49
Caudal,08/02/2023 3:49,48
Caudal,08/02/2023 5:11,43
Caudal,08/02/2023 6:33,37
Caudal,08/02/2023 7:55,37
Caudal,08/02/2023 9:17,37
Caudal,08/02/2023 9:48,32
Caudal,08/02/2023 10:06,44
Caudal,08/02/2023 10:09,58
Caudal,08/02/2023 10:10,72
Caudal,08/02/2023 10:11,88
Caudal,08/02/2023 10:11,76
Caudal,08/02/2023 10:11,63
Caudal,08/02/2023 10:11,50
Caudal,08/02/2023 10:14,37
Caudal,08/02/2023 10:39,34
Caudal,08/02/2023 12:02,37
Caudal,08/02/2023 13:23,34
Caudal,08/02/2023 14:45,34
Caudal,08/02/2023 16:07,35
Caudal,08/02/2023 17:30,35
Caudal,08/02/2023 18:51,35
Caudal,08/02/2023 19:43,21
Caudal,08/02/2023 19:44,4
Caudal,08/02/2023 19:46,16
Caudal,08/02/2023 19:48,30
Caudal,08/02/2023 19:48,42
Caudal,08/02/2023 20:01,68
Caudal,08/02/2023 20:02,94
Caudal,08/02/2023 20:02,113
Caudal,08/02/2023 20:02,127
Caudal,08/02/2023 20:13,132
Caudal,08/02/2023 21:35,137
Caudal,08/02/2023 22:58,138
Caudal,09/02/2023 0:13,126
Caudal,09/02/2023 0:19,124
Caudal,09/02/2023 0:27,138
Caudal,09/02/2023 0:27,139
Caudal,09/02/2023 1:41,132
Caudal,09/02/2023 2:18,127
Caudal,09/02/2023 3:03,123
Caudal,09/02/2023 4:25,115
Caudal,09/02/2023 4:25,115
Caudal,09/02/2023 4:59,103
Caudal,09/02/2023 5:11,91
Caudal,09/02/2023 5:19,80
Caudal,09/02/2023 5:19,80
Caudal,09/02/2023 5:26,68
Caudal,09/02/2023 5:39,56
Caudal,09/02/2023 5:47,53
Caudal,09/02/2023 6:03,44
Caudal,09/02/2023 6:28,33
Caudal,09/02/2023 6:55,21
Caudal,09/02/2023 7:09,17
Caudal,09/02/2023 7:53,9
Caudal,09/02/2023 8:31,6
Caudal,09/02/2023 9:53,10
Caudal,09/02/2023 10:05,23
Caudal,09/02/2023 10:06,34
Caudal,09/02/2023 10:06,50
Caudal,09/02/2023 10:07,66
Caudal,09/02/2023 10:08,80
Caudal,09/02/2023 10:09,93
Caudal,09/02/2023 10:10,80
Caudal,09/02/2023 10:10,67
Caudal,09/02/2023 10:10,55
Caudal,09/02/2023 10:10,39
Caudal,09/02/2023 10:12,51
Caudal,09/02/2023 10:13,40
Caudal,09/02/2023 11:15,31
Caudal,09/02/2023 12:37,29
Caudal,09/02/2023 13:47,28
Caudal,09/02/2023 15:22,25
Caudal,09/02/2023 16:43,23
Caudal,09/02/2023 18:05,22
Caudal,09/02/2023 19:27,22
Caudal,09/02/2023 20:50,24
Caudal,09/02/2023 22:11,24
Caudal,09/02/2023 23:33,24
Caudal,09/02/2023 23:56,40
Caudal,10/02/2023 0:08,52
Caudal,10/02/2023 0:08,64
Caudal,10/02/2023 0:08,76
Caudal,10/02/2023 0:10,64
Caudal,10/02/2023 0:11,64
Caudal,10/02/2023 0:11,77
Caudal,10/02/2023 0:55,80
Caudal,10/02/2023 2:17,80
Caudal,10/02/2023 3:14,65
Caudal,10/02/2023 3:15,53
Caudal,10/02/2023 3:32,41
Caudal,10/02/2023 4:08,39
Caudal,10/02/2023 5:01,40
Caudal,10/02/2023 6:23,35
Caudal,10/02/2023 7:45,34
Caudal,10/02/2023 9:07,31
Caudal,10/02/2023 9:38,53
Caudal,10/02/2023 9:39,40
Caudal,10/02/2023 9:40,52
Caudal,10/02/2023 9:42,64
Caudal,10/02/2023 9:42,52
Caudal,10/02/2023 9:42,39
Caudal,10/02/2023 9:44,51
Caudal,10/02/2023 9:45,63
Caudal,10/02/2023 10:29,62
Caudal,10/02/2023 11:51,58
Caudal,10/02/2023 13:13,61
Caudal,10/02/2023 14:36,61
Caudal,10/02/2023 15:57,60
Caudal,10/02/2023 17:19,60
Caudal,10/02/2023 18:41,61
Caudal,10/02/2023 20:03,61
Caudal,10/02/2023 21:25,61
Caudal,10/02/2023 22:47,59
Caudal,10/02/2023 23:11,85
Caudal,11/02/2023 0:10,79
Caudal,11/02/2023 1:32,81
Caudal,11/02/2023 2:53,81
Caudal,11/02/2023 4:16,80
Caudal,11/02/2023 5:38,79
Caudal,11/02/2023 6:59,77
Caudal,11/02/2023 7:55,97
Caudal,11/02/2023 7:57,110
Caudal,11/02/2023 7:57,96
Caudal,11/02/2023 7:57,84
Caudal,11/02/2023 7:58,96
Caudal,11/02/2023 8:00,85
Caudal,11/02/2023 8:21,81
Caudal,11/02/2023 9:43,79
Caudal,11/02/2023 11:05,80
Caudal,11/02/2023 12:28,78
Caudal,11/02/2023 13:08,73
Caudal,11/02/2023 13:08,55
Caudal,11/02/2023 13:08,44
Caudal,11/02/2023 13:08,32
Caudal,11/02/2023 13:08,20
Caudal,11/02/2023 13:09,8
Caudal,11/02/2023 13:21,0
Caudal,11/02/2023 13:49,0
Caudal,11/02/2023 15:11,0
Caudal,11/02/2023 16:33,0
Caudal,11/02/2023 17:55,0
Caudal,11/02/2023 19:18,0
Caudal,11/02/2023 20:39,0
Caudal,11/02/2023 22:01,0
Caudal,11/02/2023 23:23,0
Caudal,12/02/2023 0:45,0
Caudal,12/02/2023 2:07,0
Caudal,12/02/2023 3:29,0
Caudal,12/02/2023 4:51,0
Caudal,12/02/2023 6:13,0
Caudal,12/02/2023 7:35,0
Caudal,12/02/2023 8:57,0
Caudal,12/02/2023 10:19,0
Caudal,12/02/2023 11:42,0
Caudal,12/02/2023 13:03,0
Caudal,12/02/2023 14:25,0
Caudal,12/02/2023 15:47,0
Caudal,12/02/2023 17:10,0
Caudal,12/02/2023 18:31,0
Caudal,12/02/2023 19:53,0
Caudal,12/02/2023 21:15,0
Caudal,12/02/2023 22:37,0
Caudal,12/02/2023 23:59,0
Caudal,13/02/2023 1:21,0
Caudal,13/02/2023 2:44,0
Caudal,13/02/2023 4:05,0
Caudal,13/02/2023 5:27,0
Caudal,13/02/2023 6:50,0
Caudal,13/02/2023 7:11,44
Caudal,13/02/2023 7:11,65
Caudal,13/02/2023 7:11,54
Caudal,13/02/2023 7:11,24
Caudal,13/02/2023 7:13,39
Caudal,13/02/2023 7:14,27
Caudal,13/02/2023 7:15,40
Caudal,13/02/2023 7:15,52
Caudal,13/02/2023 7:16,40
Caudal,13/02/2023 7:18,58
Caudal,13/02/2023 7:20,46
Caudal,13/02/2023 7:21,65
Caudal,13/02/2023 7:23,53
Caudal,13/02/2023 7:24,65
Caudal,13/02/2023 8:11,66
Caudal,13/02/2023 8:14,79
Caudal,13/02/2023 8:15,67
Caudal,13/02/2023 8:17,80
Caudal,13/02/2023 8:18,66
Caudal,13/02/2023 8:20,78
Caudal,13/02/2023 8:23,91
Caudal,13/02/2023 8:24,79
Caudal,13/02/2023 8:24,64
Caudal,13/02/2023 9:33,58
Caudal,13/02/2023 10:56,62
Caudal,13/02/2023 12:17,58
Caudal,13/02/2023 13:39,59
Caudal,13/02/2023 14:23,75
Caudal,13/02/2023 14:25,61
Caudal,13/02/2023 14:27,73
Caudal,13/02/2023 14:28,60
Caudal,13/02/2023 15:01,58
Caudal,13/02/2023 16:24,58
Caudal,13/02/2023 17:45,62
Caudal,13/02/2023 19:08,58
Caudal,13/02/2023 20:29,61
Caudal,13/02/2023 21:51,60
Caudal,13/02/2023 23:13,58
Caudal,14/02/2023 0:35,59
Caudal,14/02/2023 1:57,60
Caudal,14/02/2023 3:20,60
Caudal,14/02/2023 4:42,61
Caudal,14/02/2023 6:03,58
Caudal,14/02/2023 7:25,59
Caudal,14/02/2023 8:47,59
Caudal,14/02/2023 8:49,74
Caudal,14/02/2023 8:49,74
Caudal,14/02/2023 8:51,88
Caudal,14/02/2023 8:52,99
Caudal,14/02/2023 8:53,79
Caudal,14/02/2023 8:53,62
Caudal,14/02/2023 8:54,76
Caudal,14/02/2023 8:55,90
Caudal,14/02/2023 8:56,75
Caudal,14/02/2023 8:56,63
Caudal,14/02/2023 10:09,60
Caudal,14/02/2023 11:31,61
Caudal,14/02/2023 12:53,61
Caudal,14/02/2023 14:15,61
Caudal,14/02/2023 15:37,59
Caudal,14/02/2023 16:59,58
Caudal,14/02/2023 18:21,61
Caudal,14/02/2023 19:43,58
Caudal,14/02/2023 21:05,60
Caudal,14/02/2023 22:27,60
Caudal,14/02/2023 23:49,61
Caudal,15/02/2023 1:11,62
Caudal,15/02/2023 2:33,61
Caudal,15/02/2023 3:24,65
Caudal,15/02/2023 3:24,51
Caudal,15/02/2023 3:26,53
Caudal,15/02/2023 3:30,65
Caudal,15/02/2023 3:32,53
Caudal,15/02/2023 3:33,65
Caudal,15/02/2023 3:38,54
Caudal,15/02/2023 3:54,66
Caudal,15/02/2023 3:55,59
Caudal,15/02/2023 5:17,59
Caudal,15/02/2023 6:39,58
Caudal,15/02/2023 8:01,61
Caudal,15/02/2023 8:51,79
Caudal,15/02/2023 8:51,68
Caudal,15/02/2023 8:51,81
Caudal,15/02/2023 8:52,98
Caudal,15/02/2023 8:52,110
Caudal,15/02/2023 8:53,124
Caudal,15/02/2023 8:54,136
Caudal,15/02/2023 8:54,123
Caudal,15/02/2023 8:54,95
Caudal,15/02/2023 8:55,83
Caudal,15/02/2023 8:55,68
Caudal,15/02/2023 8:56,84
Caudal,15/02/2023 8:57,70
Caudal,15/02/2023 9:23,62
Caudal,15/02/2023 10:45,62
Caudal,15/02/2023 12:08,61
Caudal,15/02/2023 13:30,60
Caudal,15/02/2023 14:52,58
Caudal,15/02/2023 16:13,59
Caudal,15/02/2023 17:35,58
Caudal,15/02/2023 18:57,59
Caudal,15/02/2023 20:19,59
Caudal,15/02/2023 21:41,62
Caudal,15/02/2023 23:03,60
Caudal,16/02/2023 0:25,61
Caudal,16/02/2023 1:47,61
Caudal,16/02/2023 3:09,61
Caudal,16/02/2023 4:31,59
Caudal,16/02/2023 5:53,58
Caudal,16/02/2023 7:16,60
Caudal,16/02/2023 8:37,61
Caudal,16/02/2023 9:59,59
Caudal,16/02/2023 11:21,61
Caudal,16/02/2023 12:43,61
Caudal,16/02/2023 14:05,61
Caudal,16/02/2023 15:28,61
Caudal,16/02/2023 16:49,61
Caudal,16/02/2023 18:11,61
Caudal,16/02/2023 19:33,58
Caudal,16/02/2023 20:55,62
Caudal,16/02/2023 22:17,58
Caudal,16/02/2023 23:39,59
Caudal,17/02/2023 1:01,61
Caudal,17/02/2023 2:23,59
Caudal,17/02/2023 3:45,61
Caudal,17/02/2023 5:07,61
Caudal,17/02/2023 6:29,62
Caudal,17/02/2023 7:51,61
Caudal,17/02/2023 9:13,58
Caudal,17/02/2023 10:35,58
Caudal,17/02/2023 11:57,59
Caudal,17/02/2023 13:19,60
Caudal,17/02/2023 14:41,60
Caudal,17/02/2023 16:03,60
Caudal,17/02/2023 17:25,60
Caudal,17/02/2023 18:47,59
Caudal,17/02/2023 20:09,61
Caudal,17/02/2023 21:31,60
Caudal,17/02/2023 22:53,62
Caudal,18/02/2023 0:15,59
Caudal,18/02/2023 1:37,60
Caudal,18/02/2023 2:59,60
Caudal,18/02/2023 4:21,59
Caudal,18/02/2023 5:43,58
Caudal,18/02/2023 7:05,58
Caudal,18/02/2023 8:27,59
Caudal,18/02/2023 9:49,61
Caudal,18/02/2023 11:11,60
Caudal,18/02/2023 12:33,60
Caudal,18/02/2023 13:16,46
Caudal,18/02/2023 13:16,33
Caudal,18/02/2023 13:16,21
Caudal,18/02/2023 13:17,8
Caudal,18/02/2023 13:55,0
Caudal,18/02/2023 15:17,0
Caudal,18/02/2023 16:39,0
Caudal,18/02/2023 18:01,0
Caudal,18/02/2023 19:23,0
Caudal,18/02/2023 20:45,0
Caudal,18/02/2023 22:07,0
Caudal,18/02/2023 23:29,0
Caudal,19/02/2023 0:51,0
Caudal,19/02/2023 2:13,0
Caudal,19/02/2023 3:35,0
Caudal,19/02/2023 4:57,0
Caudal,19/02/2023 6:19,0
Caudal,19/02/2023 7:41,0
Caudal,19/02/2023 9:04,0
Caudal,19/02/2023 10:25,0
Caudal,19/02/2023 11:47,0
Caudal,19/02/2023 13:09,0
Caudal,19/02/2023 14:31,0
Caudal,19/02/2023 15:53,0
Caudal,19/02/2023 17:15,0
Caudal,19/02/2023 18:37,0
Caudal,19/02/2023 19:59,0
Caudal,19/02/2023 21:21,0
Caudal,19/02/2023 22:43,0
Caudal,20/02/2023 0:05,0
Caudal,20/02/2023 1:27,0
Caudal,20/02/2023 2:49,0
Caudal,20/02/2023 4:11,0
Caudal,20/02/2023 5:33,0
Caudal,20/02/2023 6:55,0
Caudal,20/02/2023 7:13,22
Caudal,20/02/2023 7:14,34
Caudal,20/02/2023 7:14,49
Caudal,20/02/2023 7:14,62
Caudal,20/02/2023 7:18,50
Caudal,20/02/2023 7:18,65
Caudal,20/02/2023 7:24,53
Caudal,20/02/2023 8:18,60
Caudal,20/02/2023 9:10,66
Caudal,20/02/2023 9:40,60
Caudal,20/02/2023 11:01,58
Caudal,20/02/2023 12:23,59
Caudal,20/02/2023 12:26,51
Caudal,20/02/2023 13:46,51
Caudal,20/02/2023 15:07,51
Caudal,20/02/2023 16:29,51
Caudal,20/02/2023 17:51,51
Caudal,20/02/2023 19:13,52
Caudal,20/02/2023 20:35,52
Caudal,20/02/2023 21:57,48
Caudal,20/02/2023 23:19,49
Caudal,21/02/2023 0:42,48
Caudal,21/02/2023 2:04,51
Caudal,21/02/2023 3:25,52
Caudal,21/02/2023 4:47,50
Caudal,21/02/2023 6:10,49
Caudal,21/02/2023 7:31,50
Caudal,21/02/2023 8:53,51
Caudal,21/02/2023 10:15,48
Caudal,21/02/2023 11:37,51
Caudal,21/02/2023 12:59,44
Caudal,21/02/2023 14:21,44
Caudal,21/02/2023 15:44,43
Caudal,21/02/2023 17:05,43
Caudal,21/02/2023 18:27,43
Caudal,21/02/2023 19:49,43
Caudal,21/02/2023 20:00,29
Caudal,21/02/2023 20:00,15
Caudal,21/02/2023 21:11,14
Caudal,21/02/2023 22:33,12
Caudal,21/02/2023 23:55,20
Caudal,22/02/2023 1:17,24
Caudal,22/02/2023 2:39,25
Caudal,22/02/2023 4:01,25
Caudal,22/02/2023 5:23,25
Caudal,22/02/2023 6:45,25
Caudal,22/02/2023 8:07,24
Caudal,22/02/2023 9:29,24
Caudal,22/02/2023 10:52,22
Caudal,22/02/2023 12:13,23
Caudal,22/02/2023 13:35,24
Caudal,22/02/2023 14:42,4
Caudal,22/02/2023 14:49,17
Caudal,22/02/2023 14:49,33
Caudal,22/02/2023 14:58,44
Caudal,22/02/2023 15:00,80
Caudal,22/02/2023 15:00,107
Caudal,22/02/2023 15:00,126
Caudal,22/02/2023 15:00,140
Caudal,22/02/2023 15:01,157
Caudal,22/02/2023 15:01,140
Caudal,22/02/2023 15:02,122
Caudal,22/02/2023 15:02,122
Caudal,22/02/2023 15:02,110
Caudal,22/02/2023 15:02,94
Caudal,22/02/2023 15:02,64
Caudal,22/02/2023 15:02,46
Caudal,22/02/2023 15:02,46
Caudal,22/02/2023 15:03,34
Caudal,22/02/2023 15:07,23
Caudal,22/02/2023 16:19,26
Caudal,22/02/2023 17:31,6
Caudal,22/02/2023 17:38,30
Caudal,22/02/2023 17:39,49
Caudal,22/02/2023 17:39,67
Caudal,22/02/2023 17:40,80
Caudal,22/02/2023 17:41,68
Caudal,22/02/2023 17:41,46
Caudal,22/02/2023 17:41,33
Caudal,22/02/2023 17:41,28
Caudal,22/02/2023 17:51,61
Caudal,22/02/2023 17:51,87
Caudal,22/02/2023 17:51,106
Caudal,22/02/2023 17:51,120
Caudal,22/02/2023 17:52,137
Caudal,22/02/2023 17:53,149
Caudal,22/02/2023 19:03,145
Caudal,22/02/2023 20:07,141
Caudal,22/02/2023 20:25,143
Caudal,22/02/2023 21:47,140
Caudal,22/02/2023 23:09,144
Caudal,23/02/2023 0:31,144
Caudal,23/02/2023 1:53,147
Caudal,23/02/2023 3:15,140
Caudal,23/02/2023 4:33,137
Caudal,23/02/2023 5:59,136
Caudal,23/02/2023 7:21,135
Caudal,23/02/2023 8:43,135
Caudal,23/02/2023 10:05,140
Caudal,23/02/2023 10:28,149
Caudal,23/02/2023 11:28,146
Caudal,23/02/2023 12:49,145
Caudal,23/02/2023 14:11,142
Caudal,23/02/2023 15:33,142
Caudal,23/02/2023 16:11,141
Caudal,23/02/2023 16:13,137
Caudal,23/02/2023 16:13,124
Caudal,23/02/2023 16:13,110
Caudal,23/02/2023 16:13,99
Caudal,23/02/2023 16:13,83
Caudal,23/02/2023 16:14,70
Caudal,23/02/2023 16:14,56
Caudal,23/02/2023 16:14,44
Caudal,23/02/2023 16:14,32
Caudal,23/02/2023 16:14,19
Caudal,23/02/2023 16:14,7
Caudal,23/02/2023 16:20,21
Caudal,23/02/2023 16:20,34
Caudal,23/02/2023 16:22,47
Caudal,23/02/2023 16:55,42
Caudal,23/02/2023 18:17,42
Caudal,23/02/2023 19:39,43
Caudal,23/02/2023 21:01,43
Caudal,23/02/2023 22:23,41
Caudal,23/02/2023 23:45,44
Caudal,24/02/2023 1:07,44
Caudal,24/02/2023 2:29,41
Caudal,24/02/2023 3:51,40
Caudal,24/02/2023 5:14,45
Caudal,24/02/2023 6:35,41
Caudal,24/02/2023 7:57,40
Caudal,24/02/2023 9:19,54
Caudal,24/02/2023 10:42,43
Caudal,24/02/2023 12:03,43
Caudal,24/02/2023 13:26,43
Caudal,24/02/2023 14:47,42
Caudal,24/02/2023 16:09,42
Caudal,24/02/2023 17:31,42
Caudal,24/02/2023 18:53,42
Caudal,24/02/2023 20:15,42
Caudal,24/02/2023 21:37,43
Caudal,24/02/2023 23:00,41
Caudal,24/02/2023 23:46,59
Caudal,25/02/2023 0:22,59
Caudal,25/02/2023 1:43,60
Caudal,25/02/2023 3:05,59
Caudal,25/02/2023 4:27,57
Caudal,25/02/2023 5:49,58
Caudal,25/02/2023 7:11,59
Caudal,25/02/2023 7:21,46
Caudal,25/02/2023 7:22,30
Caudal,25/02/2023 8:33,23
Caudal,25/02/2023 9:55,26
Caudal,25/02/2023 11:17,23
Caudal,25/02/2023 12:39,22
Caudal,25/02/2023 12:48,43
Caudal,25/02/2023 12:49,31
Caudal,25/02/2023 12:51,43
Caudal,25/02/2023 12:52,30
Caudal,25/02/2023 12:54,42
Caudal,25/02/2023 12:55,30
Caudal,25/02/2023 13:06,18
Caudal,25/02/2023 13:06,5
Caudal,25/02/2023 14:01,0
Caudal,25/02/2023 15:24,0
Caudal,25/02/2023 16:45,0
Caudal,25/02/2023 18:07,0
Caudal,25/02/2023 19:29,0
Caudal,25/02/2023 20:51,0
Caudal,25/02/2023 22:13,0
Caudal,25/02/2023 23:35,0
Caudal,26/02/2023 0:57,0
Caudal,26/02/2023 2:19,0
Caudal,26/02/2023 3:41,0
Caudal,26/02/2023 5:03,0
Caudal,26/02/2023 6:25,0
Caudal,26/02/2023 7:47,0
Caudal,26/02/2023 9:09,0
Caudal,26/02/2023 10:31,0
Caudal,26/02/2023 11:53,0
Caudal,26/02/2023 13:16,0
Caudal,26/02/2023 14:37,0
Caudal,26/02/2023 16:00,0
Caudal,26/02/2023 17:22,0
Caudal,26/02/2023 18:43,0
Caudal,26/02/2023 20:05,0
Caudal,26/02/2023 21:27,0
Caudal,26/02/2023 22:49,0
Caudal,27/02/2023 0:11,0
Caudal,27/02/2023 1:34,0
Caudal,27/02/2023 2:56,0
Caudal,27/02/2023 4:17,0
Caudal,27/02/2023 5:39,0
Caudal,27/02/2023 7:01,0
Caudal,27/02/2023 7:09,17
Caudal,27/02/2023 7:09,29
Caudal,27/02/2023 7:09,44
Caudal,27/02/2023 7:09,67
Caudal,27/02/2023 7:10,51
Caudal,27/02/2023 7:13,37
Caudal,27/02/2023 7:13,24
Caudal,27/02/2023 7:14,36
Caudal,27/02/2023 7:14,50
Caudal,27/02/2023 7:16,36
Caudal,27/02/2023 7:17,48
Caudal,27/02/2023 7:17,63
Caudal,27/02/2023 7:18,50
Caudal,27/02/2023 7:18,50
Caudal,27/02/2023 7:20,63
Caudal,27/02/2023 7:21,51
Caudal,27/02/2023 7:23,63
Caudal,27/02/2023 8:23,57
Caudal,27/02/2023 9:13,75
Caudal,27/02/2023 9:14,89
Caudal,27/02/2023 9:14,76
Caudal,27/02/2023 9:15,78
Caudal,27/02/2023 9:15,65
Caudal,27/02/2023 9:16,90
Caudal,27/02/2023 9:17,78
Caudal,27/02/2023 9:17,64
Caudal,27/02/2023 9:18,76
Caudal,27/02/2023 9:20,64
Caudal,27/02/2023 9:46,60
Caudal,27/02/2023 11:07,58
Caudal,27/02/2023 11:48,46
Caudal,27/02/2023 12:29,44
Caudal,27/02/2023 13:52,45
Caudal,27/02/2023 15:13,47
Caudal,27/02/2023 16:36,43
Caudal,27/02/2023 17:57,43
Caudal,27/02/2023 19:19,44
Caudal,27/02/2023 20:41,47
Caudal,27/02/2023 22:04,46
Caudal,27/02/2023 23:26,45
Caudal,28/02/2023 0:48,43
Caudal,28/02/2023 2:09,46
Caudal,28/02/2023 3:31,47
Caudal,28/02/2023 4:10,33
Caudal,28/02/2023 4:53,35
Caudal,28/02/2023 5:12,46
Caudal,28/02/2023 5:45,35
Caudal,28/02/2023 6:15,36
Caudal,28/02/2023 7:37,31
Caudal,28/02/2023 8:59,27
Caudal,28/02/2023 10:21,27
Caudal,28/02/2023 10:33,47
Caudal,28/02/2023 10:34,33
Caudal,28/02/2023 11:43,32
Caudal,28/02/2023 13:06,29
Caudal,28/02/2023 14:28,29
Caudal,28/02/2023 15:49,32
Caudal,28/02/2023 17:12,29
Caudal,28/02/2023 18:33,31
Caudal,28/02/2023 19:56,32
Caudal,28/02/2023 21:17,31
Caudal,28/02/2023 22:40,31
Caudal,01/03/2023 0:02,30
Caudal,01/03/2023 0:07,21
Caudal,01/03/2023 0:07,21
Caudal,01/03/2023 0:08,33
Caudal,01/03/2023 0:10,21
Caudal,01/03/2023 0:11,34
Caudal,01/03/2023 0:13,20
Caudal,01/03/2023 0:14,34
Caudal,01/03/2023 0:15,22
Caudal,01/03/2023 0:29,33
Caudal,01/03/2023 1:24,34
Caudal,01/03/2023 2:10,47
Caudal,01/03/2023 2:46,40
Caudal,01/03/2023 3:04,35
Caudal,01/03/2023 4:07,37
Caudal,01/03/2023 5:29,40
Caudal,01/03/2023 6:51,32
Caudal,01/03/2023 8:13,33
Caudal,01/03/2023 9:35,39
Caudal,01/03/2023 10:57,32
Caudal,01/03/2023 12:20,35
Caudal,01/03/2023 12:48,50
Caudal,01/03/2023 12:48,66
Caudal,01/03/2023 12:49,92
Caudal,01/03/2023 12:49,110
Caudal,01/03/2023 12:50,126
Caudal,01/03/2023 12:51,114
Caudal,01/03/2023 12:51,82
Caudal,01/03/2023 12:51,65
Caudal,01/03/2023 12:51,52
Caudal,01/03/2023 12:52,39
Caudal,01/03/2023 12:55,27
Caudal,01/03/2023 13:42,34
Caudal,01/03/2023 13:49,39
Caudal,01/03/2023 14:29,27
Caudal,01/03/2023 14:29,27
Caudal,01/03/2023 14:40,40
Caudal,01/03/2023 14:56,28
Caudal,01/03/2023 15:03,34
Caudal,01/03/2023 15:33,43
Caudal,01/03/2023 15:46,32
Caudal,01/03/2023 16:25,35
Caudal,01/03/2023 17:47,35
Caudal,01/03/2023 19:10,35
Caudal,01/03/2023 20:32,30
Caudal,01/03/2023 21:54,33
Caudal,01/03/2023 23:16,32
Caudal,01/03/2023 23:33,51
Caudal,01/03/2023 23:36,63
Caudal,02/03/2023 0:38,60
Caudal,02/03/2023 1:59,59
Caudal,02/03/2023 3:21,59
Caudal,02/03/2023 4:43,60
Caudal,02/03/2023 5:16,36
Caudal,02/03/2023 6:05,31
Caudal,02/03/2023 7:28,30
Caudal,02/03/2023 8:49,25
Caudal,02/03/2023 10:11,25
Caudal,02/03/2023 10:52,24
Caudal,02/03/2023 11:33,27
Caudal,02/03/2023 11:44,38
Caudal,02/03/2023 11:45,50
Caudal,02/03/2023 11:46,62
Caudal,02/03/2023 11:47,50
Caudal,02/03/2023 11:48,37
Caudal,02/03/2023 11:59,25
Caudal,02/03/2023 12:56,27
Caudal,02/03/2023 12:58,42
Caudal,02/03/2023 12:58,55
Caudal,02/03/2023 12:59,68
Caudal,02/03/2023 13:00,44
Caudal,02/03/2023 13:00,58
Caudal,02/03/2023 13:02,70
Caudal,02/03/2023 13:02,54
Caudal,02/03/2023 13:03,42
Caudal,02/03/2023 13:05,28
Caudal,02/03/2023 14:18,28
Caudal,02/03/2023 15:39,26
Caudal,02/03/2023 17:01,27
Caudal,02/03/2023 18:23,27
Caudal,02/03/2023 19:46,27
Caudal,02/03/2023 21:08,25
Caudal,02/03/2023 22:30,28
Caudal,02/03/2023 23:13,47
Caudal,02/03/2023 23:14,60
Caudal,02/03/2023 23:19,49
Caudal,02/03/2023 23:20,66
Caudal,02/03/2023 23:22,54
Caudal,02/03/2023 23:51,60
Caudal,03/03/2023 0:23,66
Caudal,03/03/2023 1:14,57
Caudal,03/03/2023 2:35,60
Caudal,03/03/2023 3:04,55
Caudal,03/03/2023 3:05,39
Caudal,03/03/2023 3:57,35
Caudal,03/03/2023 5:20,37
Caudal,03/03/2023 6:42,36
Caudal,03/03/2023 8:03,34
Caudal,03/03/2023 8:30,26
Caudal,03/03/2023 8:31,39
Caudal,03/03/2023 8:36,28
Caudal,03/03/2023 9:03,40
Caudal,03/03/2023 9:21,27
Caudal,03/03/2023 9:26,28
Caudal,03/03/2023 9:55,44
Caudal,03/03/2023 9:56,59
Caudal,03/03/2023 9:56,74
Caudal,03/03/2023 9:57,88
Caudal,03/03/2023 9:58,68
Caudal,03/03/2023 9:58,54
Caudal,03/03/2023 10:01,67
Caudal,03/03/2023 10:01,49
Caudal,03/03/2023 10:03,61
Caudal,03/03/2023 10:04,45
Caudal,03/03/2023 10:10,32
Caudal,03/03/2023 10:47,34
Caudal,03/03/2023 12:10,32
Caudal,03/03/2023 13:32,34
Caudal,03/03/2023 14:54,33
Caudal,03/03/2023 16:15,32
Caudal,03/03/2023 17:37,34
Caudal,03/03/2023 19:00,34
Caudal,03/03/2023 20:21,32
Caudal,03/03/2023 21:44,31
Caudal,03/03/2023 23:06,34
Caudal,03/03/2023 23:15,44
Caudal,03/03/2023 23:15,64
Caudal,04/03/2023 0:28,57
Caudal,04/03/2023 1:50,61
Caudal,04/03/2023 3:12,57
Caudal,04/03/2023 4:33,57
Caudal,04/03/2023 5:55,59
Caudal,04/03/2023 7:06,49
Caudal,04/03/2023 7:17,39
Caudal,04/03/2023 8:40,38
Caudal,04/03/2023 9:42,37
Caudal,04/03/2023 10:02,37
Caudal,04/03/2023 11:23,40
Caudal,04/03/2023 12:45,39
Caudal,04/03/2023 13:16,24
Caudal,04/03/2023 13:16,12
Caudal,04/03/2023 13:17,0
Caudal,04/03/2023 14:07,0
Caudal,04/03/2023 15:29,0
Caudal,04/03/2023 16:51,0
Caudal,04/03/2023 18:13,0
Caudal,04/03/2023 19:36,0
Caudal,04/03/2023 20:57,0
Caudal,04/03/2023 22:20,0
Caudal,04/03/2023 23:42,0
Caudal,05/03/2023 1:03,0
Caudal,05/03/2023 2:26,0
Caudal,05/03/2023 3:47,0
Caudal,05/03/2023 5:10,0
Caudal,05/03/2023 6:32,0
Caudal,05/03/2023 7:54,0
Caudal,05/03/2023 9:15,0
Caudal,05/03/2023 10:38,0
Caudal,05/03/2023 11:59,0
Caudal,05/03/2023 13:22,0
Caudal,05/03/2023 14:44,0
Caudal,05/03/2023 16:05,0
Caudal,05/03/2023 17:28,0
Caudal,05/03/2023 18:49,0
Caudal,05/03/2023 20:11,0
Caudal,05/03/2023 21:33,0
Caudal,05/03/2023 22:56,0
Caudal,06/03/2023 0:17,0
Caudal,06/03/2023 1:40,0
Caudal,06/03/2023 3:02,0
Caudal,06/03/2023 4:24,0
Caudal,06/03/2023 5:45,0
Caudal,06/03/2023 7:08,0
Caudal,06/03/2023 7:09,20
Caudal,06/03/2023 7:09,33
Caudal,06/03/2023 7:10,58
Caudal,06/03/2023 7:10,58
Caudal,06/03/2023 7:16,45
Caudal,06/03/2023 7:17,58
Caudal,06/03/2023 8:29,57
Caudal,06/03/2023 9:02,69
Caudal,06/03/2023 9:04,81
Caudal,06/03/2023 9:05,69
Caudal,06/03/2023 9:29,57
Caudal,06/03/2023 9:51,58
Caudal,06/03/2023 11:13,58
Caudal,06/03/2023 12:33,45
Caudal,06/03/2023 12:36,39
Caudal,06/03/2023 13:58,44
Caudal,06/03/2023 15:19,42
Caudal,06/03/2023 16:41,43
Caudal,06/03/2023 18:04,43
Caudal,06/03/2023 19:25,42
Caudal,06/03/2023 20:47,42
Caudal,06/03/2023 22:09,42
Caudal,06/03/2023 23:11,59
Caudal,06/03/2023 23:32,59
Caudal,07/03/2023 0:53,60
Caudal,07/03/2023 2:15,60
Caudal,07/03/2023 3:37,57
Caudal,07/03/2023 4:12,47
Caudal,07/03/2023 4:12,30
Caudal,07/03/2023 4:59,31
Caudal,07/03/2023 6:22,28
Caudal,07/03/2023 7:44,24
Caudal,07/03/2023 9:06,26
Caudal,07/03/2023 10:27,26
Caudal,07/03/2023 11:49,22
Caudal,07/03/2023 13:11,24
Caudal,07/03/2023 14:34,22
Caudal,07/03/2023 15:55,24
Caudal,07/03/2023 17:18,25
Caudal,07/03/2023 18:40,25
Caudal,07/03/2023 20:01,25
Caudal,07/03/2023 21:23,24
Caudal,07/03/2023 22:45,25
Caudal,07/03/2023 23:05,43
Caudal,07/03/2023 23:05,56
Caudal,08/03/2023 0:08,57
Caudal,08/03/2023 1:30,58
Caudal,08/03/2023 2:52,58
Caudal,08/03/2023 4:14,61
Caudal,08/03/2023 5:06,44
Caudal,08/03/2023 5:06,32
Caudal,08/03/2023 5:36,30
Caudal,08/03/2023 6:57,28
Caudal,08/03/2023 8:19,27
Caudal,08/03/2023 9:41,26
Caudal,08/03/2023 11:03,27
Caudal,08/03/2023 12:26,29
Caudal,08/03/2023 13:48,27
Caudal,08/03/2023 15:09,25
Caudal,08/03/2023 16:32,27
Caudal,08/03/2023 17:53,25
Caudal,08/03/2023 19:16,28
Caudal,08/03/2023 20:38,29
Caudal,08/03/2023 21:59,28
Caudal,08/03/2023 23:11,46
Caudal,08/03/2023 23:12,58
Caudal,09/03/2023 0:44,60
Caudal,09/03/2023 2:05,60
Caudal,09/03/2023 3:27,58
Caudal,09/03/2023 4:05,33
Caudal,09/03/2023 4:50,31
Caudal,09/03/2023 6:11,29
Caudal,09/03/2023 7:34,25
Caudal,09/03/2023 8:56,25
Caudal,09/03/2023 10:17,24
Caudal,09/03/2023 11:39,22
Caudal,09/03/2023 13:02,22
Caudal,09/03/2023 14:23,24
Caudal,09/03/2023 15:45,22
Caudal,09/03/2023 17:07,24
Caudal,09/03/2023 18:29,24
Caudal,09/03/2023 19:51,23
Caudal,09/03/2023 21:13,23
Caudal,09/03/2023 21:55,22
Caudal,09/03/2023 22:35,22
Caudal,09/03/2023 23:06,34
Caudal,09/03/2023 23:07,48
Caudal,09/03/2023 23:07,59
Caudal,09/03/2023 23:58,59
Caudal,10/03/2023 1:04,47
Caudal,10/03/2023 1:04,35
Caudal,10/03/2023 1:05,23
Caudal,10/03/2023 1:19,25
Caudal,10/03/2023 1:59,13
Caudal,10/03/2023 2:03,25
Caudal,10/03/2023 2:32,40
Caudal,10/03/2023 2:32,53
Caudal,10/03/2023 2:32,65
Caudal,10/03/2023 2:41,57
Caudal,10/03/2023 4:04,57
Caudal,10/03/2023 5:25,58
Caudal,10/03/2023 6:43,52
Caudal,10/03/2023 6:44,40
Caudal,10/03/2023 6:47,33
Caudal,10/03/2023 8:10,33
Caudal,10/03/2023 8:13,28
Caudal,10/03/2023 9:12,42
Caudal,10/03/2023 9:13,55
Caudal,10/03/2023 9:14,43
Caudal,10/03/2023 9:15,57
Caudal,10/03/2023 9:17,43
Caudal,10/03/2023 9:20,30
Caudal,10/03/2023 9:28,9
Caudal,10/03/2023 9:32,0
Caudal,10/03/2023 9:41,26
Caudal,10/03/2023 9:42,39
Caudal,10/03/2023 9:53,57
Caudal,10/03/2023 9:53,79
Caudal,10/03/2023 9:53,95
Caudal,10/03/2023 9:53,106
Caudal,10/03/2023 9:54,121
Caudal,10/03/2023 9:56,109
Caudal,10/03/2023 9:56,96
Caudal,10/03/2023 9:56,96
Caudal,10/03/2023 9:56,78
Caudal,10/03/2023 9:56,78
Caudal,10/03/2023 9:56,66
Caudal,10/03/2023 9:56,54
Caudal,10/03/2023 9:56,42
Caudal,10/03/2023 9:57,30
Caudal,10/03/2023 10:54,25
Caudal,10/03/2023 12:16,25
Caudal,10/03/2023 13:38,25
Caudal,10/03/2023 14:59,28
Caudal,10/03/2023 16:22,25
Caudal,10/03/2023 17:43,25
Caudal,10/03/2023 19:05,28
Caudal,10/03/2023 20:27,28
Caudal,10/03/2023 21:49,28
Caudal,10/03/2023 23:12,27
Caudal,11/03/2023 0:33,31
Caudal,11/03/2023 1:06,43
Caudal,11/03/2023 1:06,55
Caudal,11/03/2023 1:06,67
Caudal,11/03/2023 1:08,56
Caudal,11/03/2023 1:55,60
Caudal,11/03/2023 3:17,57
Caudal,11/03/2023 4:40,58
Caudal,11/03/2023 6:02,59
Caudal,11/03/2023 6:37,43
Caudal,11/03/2023 6:44,31
Caudal,11/03/2023 7:23,28
Caudal,11/03/2023 8:45,29
Caudal,11/03/2023 9:03,44
Caudal,11/03/2023 9:03,59
Caudal,11/03/2023 9:03,72
Caudal,11/03/2023 9:03,85
Caudal,11/03/2023 9:04,73
Caudal,11/03/2023 9:06,85
Caudal,11/03/2023 9:07,72
Caudal,11/03/2023 9:09,88
Caudal,11/03/2023 10:08,78
Caudal,11/03/2023 11:10,77
Caudal,11/03/2023 11:29,81
Caudal,11/03/2023 12:52,81
Caudal,11/03/2023 13:04,65
Caudal,11/03/2023 13:05,53
Caudal,11/03/2023 13:05,40
Caudal,11/03/2023 13:05,28
Caudal,11/03/2023 13:05,14
Caudal,11/03/2023 13:05,3
Caudal,11/03/2023 13:45,0
Caudal,11/03/2023 14:13,0
Caudal,11/03/2023 15:36,0
Caudal,11/03/2023 16:57,0
Caudal,11/03/2023 18:19,0
Caudal,11/03/2023 19:41,0
Caudal,11/03/2023 21:04,0
Caudal,11/03/2023 22:26,0
Caudal,11/03/2023 23:48,0
Caudal,12/03/2023 1:10,0
Caudal,12/03/2023 2:32,0
Caudal,12/03/2023 3:53,0
Caudal,12/03/2023 5:16,0
Caudal,12/03/2023 6:38,0
Caudal,12/03/2023 7:59,0
Caudal,12/03/2023 9:21,0
Caudal,12/03/2023 10:44,0
Caudal,12/03/2023 12:05,0
Caudal,12/03/2023 13:27,0
Caudal,12/03/2023 14:49,0
Caudal,12/03/2023 16:12,0
Caudal,12/03/2023 17:33,0
Caudal,12/03/2023 18:56,0
Caudal,12/03/2023 20:17,0
Caudal,12/03/2023 21:39,0
Caudal,12/03/2023 23:01,0
Caudal,13/03/2023 0:23,0
Caudal,13/03/2023 1:46,0
Caudal,13/03/2023 3:07,0
Caudal,13/03/2023 4:30,0
Caudal,13/03/2023 5:52,0
Caudal,13/03/2023 7:14,0
Caudal,13/03/2023 7:16,15
Caudal,13/03/2023 7:16,47
Caudal,13/03/2023 7:16,60
Caudal,13/03/2023 7:17,34
Caudal,13/03/2023 7:17,48
Caudal,13/03/2023 7:17,61
Caudal,13/03/2023 7:18,47
Caudal,13/03/2023 7:20,35
Caudal,13/03/2023 7:21,47
Caudal,13/03/2023 7:21,58
Caudal,13/03/2023 7:22,45
Caudal,13/03/2023 7:24,58
Caudal,13/03/2023 8:36,58
Caudal,13/03/2023 9:56,71
Caudal,13/03/2023 9:57,59
Caudal,13/03/2023 9:58,68
Caudal,13/03/2023 9:58,71
Caudal,13/03/2023 9:59,85
Caudal,13/03/2023 10:00,71
Caudal,13/03/2023 10:07,59
Caudal,13/03/2023 11:20,58
Caudal,13/03/2023 12:28,47
Caudal,13/03/2023 14:03,45
Caudal,13/03/2023 15:26,47
Caudal,13/03/2023 17:16,46
Caudal,13/03/2023 18:39,44
Caudal,13/03/2023 19:59,35
Caudal,13/03/2023 19:59,50
Caudal,13/03/2023 20:00,44
Caudal,13/03/2023 20:05,38
Caudal,13/03/2023 20:08,50
Caudal,13/03/2023 20:59,71
Caudal,13/03/2023 20:59,58
Caudal,13/03/2023 21:00,73
Caudal,13/03/2023 21:01,86
Caudal,13/03/2023 21:02,74
Caudal,13/03/2023 21:03,61
Caudal,13/03/2023 21:05,61
Caudal,13/03/2023 21:05,49
Caudal,13/03/2023 21:22,43
Caudal,13/03/2023 22:44,42
Caudal,14/03/2023 0:06,45
Caudal,14/03/2023 0:07,62
Caudal,14/03/2023 1:28,58
Caudal,14/03/2023 2:50,57
Caudal,14/03/2023 4:12,58
Caudal,14/03/2023 5:34,58
Caudal,14/03/2023 6:10,43
Caudal,14/03/2023 6:10,27
Caudal,14/03/2023 6:56,32
Caudal,14/03/2023 8:18,23
Caudal,14/03/2023 9:37,39
Caudal,14/03/2023 9:40,42
Caudal,14/03/2023 9:41,51
Caudal,14/03/2023 9:42,37
Caudal,14/03/2023 9:42,25
Caudal,14/03/2023 10:03,41
Caudal,14/03/2023 11:02,43
Caudal,14/03/2023 12:24,45
Caudal,14/03/2023 13:46,45
Caudal,14/03/2023 15:08,44
Caudal,14/03/2023 16:30,44
Caudal,14/03/2023 17:52,45
Caudal,14/03/2023 19:14,44
Caudal,14/03/2023 20:36,44
Caudal,14/03/2023 21:58,44
Caudal,14/03/2023 22:36,53
Caudal,14/03/2023 22:50,41
Caudal,14/03/2023 23:20,45
Caudal,15/03/2023 0:42,44
Caudal,15/03/2023 2:04,43
Caudal,15/03/2023 2:20,54
Caudal,15/03/2023 2:42,42
Caudal,15/03/2023 3:26,45
Caudal,15/03/2023 4:48,43
Caudal,15/03/2023 5:26,55
Caudal,15/03/2023 5:27,72
Caudal,15/03/2023 5:27,91
Caudal,15/03/2023 5:27,104
Caudal,15/03/2023 5:28,91
Caudal,15/03/2023 5:28,79
Caudal,15/03/2023 5:29,67
Caudal,15/03/2023 5:30,80
Caudal,15/03/2023 5:31,65
Caudal,15/03/2023 5:31,52
Caudal,15/03/2023 6:10,44
Caudal,15/03/2023 7:16,41
Caudal,15/03/2023 7:32,43
Caudal,15/03/2023 8:54,43
Caudal,15/03/2023 10:14,53
Caudal,15/03/2023 10:15,65
Caudal,15/03/2023 10:16,78
Caudal,15/03/2023 10:16,82
Caudal,15/03/2023 10:16,66
Caudal,15/03/2023 10:17,53
Caudal,15/03/2023 10:18,66
Caudal,15/03/2023 10:19,79
Caudal,15/03/2023 10:19,67
Caudal,15/03/2023 10:20,55
Caudal,15/03/2023 10:22,67
Caudal,15/03/2023 10:22,55
Caudal,15/03/2023 10:31,43
Caudal,15/03/2023 11:38,44
Caudal,15/03/2023 13:00,45
Caudal,15/03/2023 14:22,45
Caudal,15/03/2023 15:44,45
Caudal,15/03/2023 17:06,45
Caudal,15/03/2023 18:28,45
Caudal,15/03/2023 19:50,44
Caudal,15/03/2023 21:12,44
Caudal,15/03/2023 22:34,45
Caudal,15/03/2023 23:57,46
Caudal,16/03/2023 0:08,55
Caudal,16/03/2023 1:07,67
Caudal,16/03/2023 1:18,58
Caudal,16/03/2023 2:40,57
Caudal,16/03/2023 4:02,60
Caudal,16/03/2023 5:06,54
Caudal,16/03/2023 5:06,42
Caudal,16/03/2023 5:06,30
Caudal,16/03/2023 5:24,26
Caudal,16/03/2023 6:46,29
Caudal,16/03/2023 8:08,28
Caudal,16/03/2023 9:30,26
Caudal,16/03/2023 9:46,18
Caudal,16/03/2023 9:46,30
Caudal,16/03/2023 9:57,42
Caudal,16/03/2023 9:58,30
Caudal,16/03/2023 10:52,28
Caudal,16/03/2023 11:49,42
Caudal,16/03/2023 12:14,44
Caudal,16/03/2023 13:36,47
Caudal,16/03/2023 14:58,44
Caudal,16/03/2023 16:20,43
Caudal,16/03/2023 17:42,45
Caudal,16/03/2023 19:04,46
Caudal,16/03/2023 20:26,43
Caudal,16/03/2023 21:48,46
Caudal,16/03/2023 23:10,46
Caudal,17/03/2023 0:17,54
Caudal,17/03/2023 0:32,57
Caudal,17/03/2023 1:54,61
Caudal,17/03/2023 3:16,58
Caudal,17/03/2023 4:00,66
Caudal,17/03/2023 4:38,60
Caudal,17/03/2023 6:00,59
Caudal,17/03/2023 7:22,57
Caudal,17/03/2023 8:44,58
Caudal,17/03/2023 10:06,60
Caudal,17/03/2023 11:28,60
Caudal,17/03/2023 12:50,60
Caudal,17/03/2023 14:12,59
Caudal,17/03/2023 15:34,58
Caudal,17/03/2023 16:57,59
Caudal,17/03/2023 18:18,59
Caudal,17/03/2023 19:40,59
Caudal,17/03/2023 21:02,62
Caudal,17/03/2023 22:24,66
Caudal,17/03/2023 23:46,60
Caudal,18/03/2023 1:08,57
Caudal,18/03/2023 2:30,58
Caudal,18/03/2023 3:52,58
Caudal,18/03/2023 5:14,57
Caudal,18/03/2023 6:36,61
Caudal,18/03/2023 7:40,36
Caudal,18/03/2023 7:58,29
Caudal,18/03/2023 8:44,25
Caudal,18/03/2023 9:21,25
Caudal,18/03/2023 10:42,25
Caudal,18/03/2023 12:04,26
Caudal,18/03/2023 13:04,12
Caudal,18/03/2023 13:04,0
Caudal,18/03/2023 13:26,0
Caudal,18/03/2023 14:48,0
Caudal,18/03/2023 16:10,0
Caudal,18/03/2023 17:32,0
Caudal,18/03/2023 18:54,0
Caudal,18/03/2023 20:16,0
Caudal,18/03/2023 21:38,0
Caudal,18/03/2023 23:00,0
Caudal,19/03/2023 0:22,0
Caudal,19/03/2023 1:44,0
Caudal,19/03/2023 3:06,0
Caudal,19/03/2023 4:28,0
Caudal,19/03/2023 5:50,0
Caudal,19/03/2023 7:12,0
Caudal,19/03/2023 8:34,0
Caudal,19/03/2023 9:56,0
Caudal,19/03/2023 11:19,0
Caudal,19/03/2023 12:40,0
Caudal,19/03/2023 14:02,0
Caudal,19/03/2023 15:25,0
Caudal,19/03/2023 16:46,0
Caudal,19/03/2023 18:08,0
Caudal,19/03/2023 19:30,0
Caudal,19/03/2023 20:52,0
Caudal,19/03/2023 22:14,0
Caudal,19/03/2023 23:36,0
Caudal,20/03/2023 0:58,0
Caudal,20/03/2023 2:20,0
Caudal,20/03/2023 3:42,0
Caudal,20/03/2023 5:04,0
Caudal,20/03/2023 6:26,0
Caudal,20/03/2023 7:03,20
Caudal,20/03/2023 7:03,32
Caudal,20/03/2023 7:03,61
Caudal,20/03/2023 7:07,49
Caudal,20/03/2023 7:08,62
Caudal,20/03/2023 7:13,50
Caudal,20/03/2023 7:14,63
Caudal,20/03/2023 7:48,60
Caudal,20/03/2023 9:10,54
Caudal,20/03/2023 9:46,75
Caudal,20/03/2023 9:50,63
Caudal,20/03/2023 9:52,74
Caudal,20/03/2023 9:53,63
Caudal,20/03/2023 10:32,59
Caudal,20/03/2023 11:54,58
Caudal,20/03/2023 13:16,60
Caudal,20/03/2023 14:38,57
Caudal,20/03/2023 16:00,60
Caudal,20/03/2023 17:22,58
Caudal,20/03/2023 18:44,61
Caudal,20/03/2023 20:06,60
Caudal,20/03/2023 21:28,58
Caudal,20/03/2023 22:50,59
Caudal,21/03/2023 0:12,57
Caudal,21/03/2023 1:34,59
Caudal,21/03/2023 2:56,57
Caudal,21/03/2023 4:18,61
Caudal,21/03/2023 5:40,61
Caudal,21/03/2023 7:02,60
Caudal,21/03/2023 7:13,49
Caudal,21/03/2023 7:13,36
Caudal,21/03/2023 8:24,28
Caudal,21/03/2023 9:46,29
Caudal,21/03/2023 11:08,26
Caudal,21/03/2023 12:30,26
Caudal,21/03/2023 13:52,28
Caudal,21/03/2023 15:14,29
Caudal,21/03/2023 16:36,29
Caudal,21/03/2023 17:58,28
Caudal,21/03/2023 19:21,28
Caudal,21/03/2023 20:42,29
Caudal,21/03/2023 22:05,28
Caudal,21/03/2023 23:08,49
Caudal,21/03/2023 23:08,61
Caudal,21/03/2023 23:26,61
Caudal,22/03/2023 0:48,57
Caudal,22/03/2023 2:10,57
Caudal,22/03/2023 3:32,61
Caudal,22/03/2023 4:54,60
Caudal,22/03/2023 5:07,49
Caudal,22/03/2023 5:07,37
Caudal,22/03/2023 6:16,29
Caudal,22/03/2023 7:38,26
Caudal,22/03/2023 9:00,25
Caudal,22/03/2023 9:52,25
Caudal,22/03/2023 10:22,24
Caudal,22/03/2023 11:44,24
Caudal,22/03/2023 13:07,24
Caudal,22/03/2023 13:10,39
Caudal,22/03/2023 13:10,53
Caudal,22/03/2023 13:10,66
Caudal,22/03/2023 13:11,53
Caudal,22/03/2023 13:11,53
Caudal,22/03/2023 13:15,65
Caudal,22/03/2023 14:28,58
Caudal,22/03/2023 15:50,58
Caudal,22/03/2023 17:12,60
Caudal,22/03/2023 18:34,59
Caudal,22/03/2023 19:56,60
Caudal,22/03/2023 21:18,61
Caudal,22/03/2023 22:40,59
Caudal,23/03/2023 0:02,58
Caudal,23/03/2023 1:24,60
Caudal,23/03/2023 2:46,59
Caudal,23/03/2023 4:08,59
Caudal,23/03/2023 5:11,53
Caudal,23/03/2023 5:11,41
Caudal,23/03/2023 5:11,29
Caudal,23/03/2023 5:30,27
Caudal,23/03/2023 6:52,26
Caudal,23/03/2023 8:14,21
Caudal,23/03/2023 9:36,20
Caudal,23/03/2023 10:57,41
Caudal,23/03/2023 10:57,53
Caudal,23/03/2023 10:57,67
Caudal,23/03/2023 10:58,55
Caudal,23/03/2023 10:58,55
Caudal,23/03/2023 11:06,67
Caudal,23/03/2023 12:20,57
Caudal,23/03/2023 13:42,59
Caudal,23/03/2023 15:04,59
Caudal,23/03/2023 16:26,59
Caudal,23/03/2023 17:48,57
Caudal,23/03/2023 19:10,60
Caudal,23/03/2023 20:32,58
Caudal,23/03/2023 21:54,57
Caudal,23/03/2023 23:16,59
Caudal,24/03/2023 0:38,61
Caudal,24/03/2023 2:01,59
Caudal,24/03/2023 3:22,59
Caudal,24/03/2023 4:44,58
Caudal,24/03/2023 5:06,47
Caudal,24/03/2023 5:07,34
Caudal,24/03/2023 6:06,28
Caudal,24/03/2023 7:28,26
Caudal,24/03/2023 8:51,26
Caudal,24/03/2023 10:12,25
Caudal,24/03/2023 11:34,24
Caudal,24/03/2023 12:55,22
Caudal,24/03/2023 14:18,22
Caudal,24/03/2023 15:40,23
Caudal,24/03/2023 17:02,24
Caudal,24/03/2023 18:25,23
Caudal,24/03/2023 19:46,25
Caudal,24/03/2023 21:08,25
Caudal,24/03/2023 22:30,24
Caudal,24/03/2023 23:52,24
Caudal,25/03/2023 0:06,47
Caudal,25/03/2023 0:06,60
Caudal,25/03/2023 1:14,59
Caudal,25/03/2023 2:36,59
Caudal,25/03/2023 3:58,58
Caudal,25/03/2023 5:20,58
Caudal,25/03/2023 6:42,58
Caudal,25/03/2023 8:04,58
Caudal,25/03/2023 9:26,57
Caudal,25/03/2023 10:48,59
Caudal,25/03/2023 12:10,58
Caudal,25/03/2023 13:08,47
Caudal,25/03/2023 13:08,34
Caudal,25/03/2023 13:08,22
Caudal,25/03/2023 13:08,10
Caudal,25/03/2023 13:32,0
Caudal,25/03/2023 14:54,0
Caudal,25/03/2023 16:17,0
Caudal,25/03/2023 17:38,0
Caudal,25/03/2023 19:00,0
Caudal,25/03/2023 20:22,0
Caudal,25/03/2023 21:44,0
Caudal,25/03/2023 23:06,0
Caudal,26/03/2023 0:28,0
Caudal,26/03/2023 1:50,0
Caudal,26/03/2023 3:12,0
Caudal,26/03/2023 4:34,0
Caudal,26/03/2023 5:56,0
Caudal,26/03/2023 7:18,0
Caudal,26/03/2023 8:41,0
Caudal,26/03/2023 10:02,0
Caudal,26/03/2023 11:24,0
Caudal,26/03/2023 12:46,0
Caudal,26/03/2023 14:09,0
Caudal,26/03/2023 15:30,0
Caudal,26/03/2023 16:52,0
Caudal,26/03/2023 18:14,0
Caudal,26/03/2023 19:37,0
Caudal,26/03/2023 20:58,0
Caudal,26/03/2023 22:20,0
Caudal,26/03/2023 23:43,0
Caudal,27/03/2023 1:04,0
Caudal,27/03/2023 2:27,0
Caudal,27/03/2023 3:49,0
Caudal,27/03/2023 5:10,0
Caudal,27/03/2023 6:32,0
Caudal,27/03/2023 7:08,22
Caudal,27/03/2023 7:08,36
Caudal,27/03/2023 7:08,47
Caudal,27/03/2023 7:08,67
Caudal,27/03/2023 7:10,54
Caudal,27/03/2023 7:10,66
Caudal,27/03/2023 7:11,54
Caudal,27/03/2023 7:13,55
Caudal,27/03/2023 7:14,42
Caudal,27/03/2023 7:54,61
Caudal,27/03/2023 9:16,58
Caudal,27/03/2023 10:38,59
Caudal,27/03/2023 12:00,60
Caudal,27/03/2023 13:22,60
Caudal,27/03/2023 14:44,60
Caudal,27/03/2023 16:06,59
Caudal,27/03/2023 17:28,58
Caudal,27/03/2023 18:50,61
Caudal,27/03/2023 20:12,61
Caudal,27/03/2023 21:34,61
Caudal,27/03/2023 22:56,57
Caudal,28/03/2023 0:18,57
Caudal,28/03/2023 1:40,57
Caudal,28/03/2023 3:02,59
Caudal,28/03/2023 4:24,57
Caudal,28/03/2023 5:46,58
Caudal,28/03/2023 7:09,58
Caudal,28/03/2023 8:30,59
Caudal,28/03/2023 9:53,59
Caudal,28/03/2023 11:14,59
Caudal,28/03/2023 12:36,57
Caudal,28/03/2023 13:58,61
Caudal,28/03/2023 15:20,58
Caudal,28/03/2023 16:42,58
Caudal,28/03/2023 18:04,59
Caudal,28/03/2023 19:26,57
Caudal,28/03/2023 20:48,60
Caudal,28/03/2023 22:10,60
Caudal,28/03/2023 23:32,57
Caudal,29/03/2023 0:54,58
Caudal,29/03/2023 2:16,59
Caudal,29/03/2023 3:38,59
Caudal,29/03/2023 5:00,60
Caudal,29/03/2023 6:22,59
Caudal,29/03/2023 7:44,59
Caudal,29/03/2023 9:07,58
Caudal,29/03/2023 10:28,59
Caudal,29/03/2023 11:50,58
Caudal,29/03/2023 13:12,58
Caudal,29/03/2023 14:34,60
Caudal,29/03/2023 15:56,59
Caudal,29/03/2023 17:18,47
Caudal,29/03/2023 18:40,45
Caudal,29/03/2023 19:20,43
Caudal,29/03/2023 20:02,45
Caudal,29/03/2023 21:24,44
Caudal,29/03/2023 22:46,45
Caudal,30/03/2023 0:08,43
Caudal,30/03/2023 1:30,45
Caudal,30/03/2023 2:52,45
Caudal,30/03/2023 4:14,46
Caudal,30/03/2023 5:36,45
Caudal,30/03/2023 6:58,45
Caudal,30/03/2023 8:20,45
Caudal,30/03/2023 9:42,44
Caudal,30/03/2023 11:04,43
Caudal,30/03/2023 12:26,46
Caudal,30/03/2023 13:48,47
Caudal,30/03/2023 15:10,45
Caudal,30/03/2023 16:32,46
Caudal,30/03/2023 17:54,43
Caudal,30/03/2023 19:16,44
Caudal,30/03/2023 20:38,46
Caudal,30/03/2023 22:00,45
Caudal,30/03/2023 23:22,45
Caudal,31/03/2023 0:44,46
Caudal,31/03/2023 2:06,46
Caudal,31/03/2023 3:28,46
Caudal,31/03/2023 4:50,45
Caudal,31/03/2023 6:12,45
Caudal,31/03/2023 7:34,45
Caudal,31/03/2023 8:56,44
Caudal,31/03/2023 10:18,44
Caudal,31/03/2023 11:40,45
Caudal,31/03/2023 13:02,45
Caudal,31/03/2023 14:24,45
Caudal,31/03/2023 15:46,45
Caudal,31/03/2023 17:08,44
Caudal,31/03/2023 18:30,45
Caudal,31/03/2023 19:52,44
Caudal,31/03/2023 21:14,44
Caudal,31/03/2023 22:36,43
Caudal,31/03/2023 23:58,45
Caudal,01/04/2023 1:20,46
Caudal,01/04/2023 2:42,46
Caudal,01/04/2023 4:04,45
Caudal,01/04/2023 5:26,45
Caudal,01/04/2023 6:48,45
Caudal,01/04/2023 8:10,43
Caudal,01/04/2023 9:32,46
Caudal,01/04/2023 10:54,45
Caudal,01/04/2023 12:16,44
Caudal,01/04/2023 13:03,30
Caudal,01/04/2023 13:03,18
Caudal,01/04/2023 13:04,6
Caudal,01/04/2023 13:38,0
Caudal,01/04/2023 15:00,0
Caudal,01/04/2023 16:22,0
Caudal,01/04/2023 17:44,0
Caudal,01/04/2023 19:06,0
Caudal,01/04/2023 20:28,0
Caudal,01/04/2023 21:50,0
Caudal,01/04/2023 23:12,0
Caudal,01/04/2023 23:34,0
Caudal,01/04/2023 23:56,0
Caudal,02/04/2023 1:18,0
Caudal,02/04/2023 2:40,0
Caudal,02/04/2023 4:02,0
Caudal,02/04/2023 5:24,0
Caudal,02/04/2023 6:46,0
Caudal,02/04/2023 8:08,0
Caudal,02/04/2023 9:30,0
Caudal,02/04/2023 10:52,0
Caudal,02/04/2023 12:14,0
Caudal,02/04/2023 13:36,0
Caudal,02/04/2023 14:58,0
Caudal,02/04/2023 16:20,0
Caudal,02/04/2023 17:42,0
Caudal,02/04/2023 19:04,0
Caudal,02/04/2023 20:26,0
Caudal,02/04/2023 21:48,0
Caudal,02/04/2023 23:10,0
Caudal,03/04/2023 0:32,0
Caudal,03/04/2023 1:54,0
Caudal,03/04/2023 3:16,0
Caudal,03/04/2023 4:38,0
Caudal,03/04/2023 6:00,0
Caudal,03/04/2023 6:11,19
Caudal,03/04/2023 6:11,30
Caudal,03/04/2023 6:11,43
Caudal,03/04/2023 6:11,55
Caudal,03/04/2023 6:11,66
Caudal,03/04/2023 6:14,54
Caudal,03/04/2023 6:14,41
Caudal,03/04/2023 6:16,30
Caudal,03/04/2023 6:16,41
Caudal,03/04/2023 6:16,53
Caudal,03/04/2023 6:40,65
Caudal,03/04/2023 7:22,58
Caudal,03/04/2023 8:44,58
Caudal,03/04/2023 10:06,57
Caudal,03/04/2023 11:28,59
Caudal,03/04/2023 11:59,53
Caudal,03/04/2023 11:59,42
Caudal,03/04/2023 12:50,40
Caudal,03/04/2023 14:12,42
Caudal,03/04/2023 14:48,54
Caudal,03/04/2023 14:49,69
Caudal,03/04/2023 14:50,82
Caudal,03/04/2023 14:50,69
Caudal,03/04/2023 14:51,47
Caudal,03/04/2023 15:34,43
Caudal,03/04/2023 16:56,40
Caudal,03/04/2023 18:18,42
Caudal,03/04/2023 19:40,41
Caudal,03/04/2023 21:02,42
Caudal,03/04/2023 22:24,43
Caudal,03/04/2023 23:46,41
Caudal,04/04/2023 1:08,44
Caudal,04/04/2023 2:30,42
Caudal,04/04/2023 3:52,42
Caudal,04/04/2023 5:14,42
Caudal,04/04/2023 6:36,41
Caudal,04/04/2023 7:58,40
Caudal,04/04/2023 9:20,43
Caudal,04/04/2023 10:42,41
Caudal,04/04/2023 12:04,41
Caudal,04/04/2023 13:26,43
Caudal,04/04/2023 14:48,40
Caudal,04/04/2023 16:10,40
Caudal,04/04/2023 17:32,43
Caudal,04/04/2023 18:54,42
Caudal,04/04/2023 20:16,43
Caudal,04/04/2023 21:38,43
Caudal,04/04/2023 23:00,43
Caudal,05/04/2023 0:22,43
Caudal,05/04/2023 1:44,43
Caudal,05/04/2023 3:06,42
Caudal,05/04/2023 4:28,42
Caudal,05/04/2023 5:50,42
Caudal,05/04/2023 7:12,41
Caudal,05/04/2023 8:34,44
Caudal,05/04/2023 9:56,42
Caudal,05/04/2023 11:18,40
Caudal,05/04/2023 12:40,44
Caudal,05/04/2023 14:02,42
Caudal,05/04/2023 15:24,41
Caudal,05/04/2023 16:46,40
Caudal,05/04/2023 18:08,40
Caudal,05/04/2023 19:30,41
Caudal,05/04/2023 20:52,40
Caudal,05/04/2023 22:14,41
Caudal,05/04/2023 23:36,42
Caudal,06/04/2023 0:58,42
Caudal,06/04/2023 2:20,40
Caudal,06/04/2023 3:42,40
Caudal,06/04/2023 5:04,41
Caudal,06/04/2023 6:26,41
Caudal,06/04/2023 7:48,42
Caudal,06/04/2023 9:10,42
Caudal,06/04/2023 10:32,41
Caudal,06/04/2023 11:54,44
Caudal,06/04/2023 13:16,43
Caudal,06/04/2023 14:38,42
Caudal,06/04/2023 16:00,42
Caudal,06/04/2023 17:22,44
Caudal,06/04/2023 18:44,41
Caudal,06/04/2023 20:06,44
Caudal,06/04/2023 21:28,41
Caudal,06/04/2023 22:50,44
Caudal,07/04/2023 0:12,41
Caudal,07/04/2023 1:34,40
Caudal,07/04/2023 2:56,41
Caudal,07/04/2023 4:18,42
Caudal,07/04/2023 5:40,41
Caudal,07/04/2023 7:02,41
Caudal,07/04/2023 8:24,40
Caudal,07/04/2023 9:46,41
Caudal,07/04/2023 11:08,42
Caudal,07/04/2023 12:30,41
Caudal,07/04/2023 13:52,40
Caudal,07/04/2023 15:14,40
Caudal,07/04/2023 16:36,44
Caudal,07/04/2023 17:58,41
Caudal,07/04/2023 19:20,43
Caudal,07/04/2023 20:42,40
Caudal,07/04/2023 22:04,43
Caudal,07/04/2023 23:26,41
Caudal,08/04/2023 0:49,40
Caudal,08/04/2023 2:10,41
Caudal,08/04/2023 3:32,41
Caudal,08/04/2023 4:54,41
Caudal,08/04/2023 6:16,42
Caudal,08/04/2023 7:38,41
Caudal,08/04/2023 9:00,40
Caudal,08/04/2023 10:22,41
Caudal,08/04/2023 11:44,42
Caudal,08/04/2023 12:22,35
Caudal,08/04/2023 12:22,22
Caudal,08/04/2023 12:22,7
Caudal,08/04/2023 13:06,0
Caudal,08/04/2023 14:28,0
Caudal,08/04/2023 15:50,0
Caudal,08/04/2023 17:12,0
Caudal,08/04/2023 18:34,0
Caudal,08/04/2023 19:56,0
Caudal,08/04/2023 21:18,0
Caudal,08/04/2023 22:40,0
Caudal,09/04/2023 0:02,0
Caudal,09/04/2023 1:24,0
Caudal,09/04/2023 2:46,0
Caudal,09/04/2023 4:08,0
Caudal,09/04/2023 5:30,0
Caudal,09/04/2023 6:52,0
Caudal,09/04/2023 8:14,0
Caudal,09/04/2023 9:36,0
Caudal,09/04/2023 10:58,0
Caudal,09/04/2023 12:20,0
Caudal,09/04/2023 13:42,0
Caudal,09/04/2023 15:04,0
Caudal,09/04/2023 16:26,0
Caudal,09/04/2023 17:48,0
Caudal,09/04/2023 19:10,0
Caudal,09/04/2023 20:32,0
Caudal,09/04/2023 21:54,0
Caudal,09/04/2023 23:16,0
Caudal,10/04/2023 0:38,0
Caudal,10/04/2023 2:00,0
Caudal,10/04/2023 3:22,0
Caudal,10/04/2023 4:44,0
Caudal,10/04/2023 6:00,19
Caudal,10/04/2023 6:00,32
Caudal,10/04/2023 6:00,46
Caudal,10/04/2023 7:28,45
Caudal,10/04/2023 8:50,46
Caudal,10/04/2023 10:12,44
Caudal,10/04/2023 11:28,34
Caudal,10/04/2023 11:28,20
Caudal,10/04/2023 11:34,17
Caudal,10/04/2023 12:56,15
Caudal,10/04/2023 14:18,16
Caudal,10/04/2023 15:40,15
Caudal,10/04/2023 17:02,16
Caudal,10/04/2023 18:24,16
Caudal,10/04/2023 19:46,15
Caudal,10/04/2023 21:08,16
Caudal,10/04/2023 22:30,15
Caudal,10/04/2023 23:52,16
Caudal,11/04/2023 1:14,16
Caudal,11/04/2023 2:36,15
Caudal,11/04/2023 3:58,15
Caudal,11/04/2023 5:20,15
Caudal,11/04/2023 6:42,15
Caudal,11/04/2023 7:51,32
Caudal,11/04/2023 8:04,24
Caudal,11/04/2023 9:26,24
Caudal,11/04/2023 10:48,23
Caudal,11/04/2023 12:10,25
Caudal,11/04/2023 13:32,25
Caudal,11/04/2023 14:54,26
Caudal,11/04/2023 16:16,25
Caudal,11/04/2023 17:27,23
Caudal,11/04/2023 18:47,25
Caudal,11/04/2023 20:07,24
Caudal,11/04/2023 21:27,24
Caudal,11/04/2023 22:47,25
Caudal,12/04/2023 0:07,25
Caudal,12/04/2023 1:27,25
Caudal,12/04/2023 2:47,25
Caudal,12/04/2023 4:07,25
Caudal,12/04/2023 5:27,25
Caudal,12/04/2023 6:47,25
Caudal,12/04/2023 8:07,24
Caudal,12/04/2023 9:27,23
Caudal,12/04/2023 10:47,23
Caudal,12/04/2023 12:07,25
Caudal,12/04/2023 13:27,27
Caudal,12/04/2023 14:00,20
Caudal,12/04/2023 14:47,18
Caudal,12/04/2023 16:07,17
Caudal,12/04/2023 17:27,18
Caudal,12/04/2023 18:47,17
Caudal,12/04/2023 20:07,17
Caudal,12/04/2023 21:27,17
Caudal,12/04/2023 22:47,17
Caudal,13/04/2023 0:07,17
Caudal,13/04/2023 1:27,17
Caudal,13/04/2023 2:47,17
Caudal,13/04/2023 4:07,17
Caudal,13/04/2023 5:27,18
Caudal,13/04/2023 6:47,18
Caudal,13/04/2023 8:07,17
Caudal,13/04/2023 9:27,17
Caudal,13/04/2023 10:47,16
Caudal,13/04/2023 12:07,17
Caudal,13/04/2023 13:27,18
Caudal,13/04/2023 14:47,16
Caudal,13/04/2023 16:07,18
Caudal,13/04/2023 17:27,18
Caudal,13/04/2023 18:47,18
Caudal,13/04/2023 20:07,17
Caudal,13/04/2023 21:27,17
Caudal,13/04/2023 22:46,17
Caudal,14/04/2023 0:07,17
Caudal,14/04/2023 1:27,17
Caudal,14/04/2023 2:47,17
Caudal,14/04/2023 4:07,17
Caudal,14/04/2023 5:27,17
Caudal,14/04/2023 6:47,17
Caudal,14/04/2023 8:07,17
Caudal,14/04/2023 9:27,16
Caudal,14/04/2023 10:46,16
Caudal,14/04/2023 11:21,33
Caudal,14/04/2023 11:21,48
Caudal,14/04/2023 11:22,36
Caudal,14/04/2023 11:23,48
Caudal,14/04/2023 12:06,42
Caudal,14/04/2023 13:27,42
Caudal,14/04/2023 14:47,41
Caudal,14/04/2023 16:06,40
Caudal,14/04/2023 17:27,42
Caudal,14/04/2023 18:47,42
Caudal,14/04/2023 20:06,41
Caudal,14/04/2023 21:27,41
Caudal,14/04/2023 22:47,41
Caudal,15/04/2023 0:07,41
Caudal,15/04/2023 1:27,41
Caudal,15/04/2023 2:47,42
Caudal,15/04/2023 4:07,41
Caudal,15/04/2023 5:27,41
Caudal,15/04/2023 6:47,41
Caudal,15/04/2023 8:07,40
Caudal,15/04/2023 9:27,40
Caudal,15/04/2023 10:47,43
Caudal,15/04/2023 12:07,41
Caudal,15/04/2023 12:20,36
Caudal,15/04/2023 12:20,24
Caudal,15/04/2023 12:21,12
Caudal,15/04/2023 12:21,0
Caudal,15/04/2023 13:26,0
Caudal,15/04/2023 14:47,0
Caudal,15/04/2023 16:06,0
Caudal,15/04/2023 17:26,0
Caudal,15/04/2023 18:47,0
Caudal,15/04/2023 20:06,0
Caudal,15/04/2023 21:27,0
Caudal,15/04/2023 22:46,0
Caudal,16/04/2023 0:06,0
Caudal,16/04/2023 1:27,0
Caudal,16/04/2023 2:47,0
Caudal,16/04/2023 4:06,0
Caudal,16/04/2023 5:27,0
Caudal,16/04/2023 6:47,0
Caudal,16/04/2023 8:07,0
Caudal,16/04/2023 9:27,0
Caudal,16/04/2023 10:47,0
Caudal,16/04/2023 12:07,0
Caudal,16/04/2023 13:26,0
Caudal,16/04/2023 14:46,0
Caudal,16/04/2023 16:07,0
Caudal,16/04/2023 17:27,0
Caudal,16/04/2023 18:47,0
Caudal,16/04/2023 20:07,0
Caudal,16/04/2023 21:27,0
Caudal,16/04/2023 22:47,0
Caudal,17/04/2023 0:07,0
Caudal,17/04/2023 1:27,0
Caudal,17/04/2023 2:47,0
Caudal,17/04/2023 4:07,0
Caudal,17/04/2023 5:27,0
Caudal,17/04/2023 6:08,23
Caudal,17/04/2023 6:08,36
Caudal,17/04/2023 6:08,47
Caudal,17/04/2023 6:09,35
Caudal,17/04/2023 6:22,48
Caudal,17/04/2023 6:47,42
Caudal,17/04/2023 8:07,40
Caudal,17/04/2023 9:27,40
Caudal,17/04/2023 10:47,41
Caudal,17/04/2023 12:07,41
Caudal,17/04/2023 13:27,41
